id,title,description,type,language,publicationDate,publisher
doi_________::4aecb07956f708110094b9406a5f4c54,Introduction,,publication,Undetermined,2021-02-27,Harvard University Asia Center
doi_________::4b7f84c788e28f843e3ac21a9b63c562,"ChemInform Abstract: Synthesis and Reactivity of Some Chiral, Nonracemic 1‐Azabicyclo[4.1.0]heptanes Related to the Azinomycins.","<jats:title>Abstract</jats:title><jats:p>ChemInform is a weekly Abstracting Service, delivering concise information at a glance that was extracted from about 100 leading journals. To access a ChemInform Abstract of an article which was published elsewhere, please select a “Full Text” option. The original article is trackable via the “References” option.</jats:p>",publication,Undetermined,1998-09-01,Wiley
doi_________::4cfb3f1d8dd3382051c28e771df44af2,ChemInform Abstract: Blepharocalyxins C—E: Three Novel Antiproliferative Diarylheptanoids from the Seeds of Alpinia blepharocalyx.,"<jats:title>Abstract</jats:title><jats:p>ChemInform is a weekly Abstracting Service, delivering concise information at a glance that was extracted from about 100 leading journals. To access a ChemInform Abstract of an article which was published elsewhere, please select a “Full Text” option. The original article is trackable via the “References” option.</jats:p>",publication,Undetermined,2000-10-17,Wiley
doi_________::4dddb024e4e3e4ee4ae69f72f3426366,Software Scalability,,publication,Undetermined,2007-01-16,Springer Berlin Heidelberg
doi_________::4ded4374f86bc19e24832f0a69e2b8f3,Analysis of Driving Skills based on Deep Learning using Stacked Autoencoders,,publication,Undetermined,2017-10-01,Institute of Advanced Engineering and Science
doi_________::4e96225d67284b72476aa9433652192b,S2194 A Common Infection in a Highly Atypical Patient: Hematochezia From Cytomegalovirus Colonic Ulcer in a Young and Healthy Immunocompetent Patient,,publication,Undetermined,2022-10-01,Ovid Technologies (Wolters Kluwer Health)
doi_________::4ec86b3e8f6f2d0054cad6af1f550955,Radial and Axial Fractional Shortening for Rapid Estimation of Left Ventricular Ejection Fraction: A Computational Analysis,"<jats:title>ABSTRACT</jats:title><jats:sec><jats:title>BACKGROUND AND PURPOSE</jats:title><jats:p>Simpson Rule based planimetry remains the gold standard for left ventricular (LV) ejection fraction (EF) but due to sub-optimal endocardial delineation, planimetry is not feasible in many cases. The purpose of this study was to derive and to analytically evaluate the theoretical accuracy of several simple novel formulas for estimating EF in ventricles with uniform wall motion using only the radial diameter and axial length LV fractional shortening (F<jats:sub>D</jats:sub>and F<jats:sub>L</jats:sub>respectively), which are less subject to image quality limitations than planimetry.</jats:p></jats:sec><jats:sec><jats:title>METHODS</jats:title><jats:p>A truncated ellipsoidal model of the LV at end-diastole and end-systole was assumed leading to a novel compact formula for directly calculating an exact EF that is identical to the Simpson Rule EF when the ventricle has ellipsoidal end-diastolic (ED) and end-systolic (ES) shapes.<jats:disp-formula><jats:alternatives><jats:graphic xmlns:xlink=""http://www.w3.org/1999/xlink"" xlink:href=""23291770v1_ueqn1.gif"" position=""float"" orientation=""portrait"" /></jats:alternatives></jats:disp-formula></jats:p><jats:p>Three linear formulas were then developed to directly calculate an approximation to the exact EF without intermediate calculation of volumes. To avoid population selection bias in this initial investigation the linear coefficients were determined by an analytic graphical optimization procedure that minimized the EF errors compared to the exact EF over the full range of exact EFs from 0 to 80% (F<jats:sub>D</jats:sub>and F<jats:sub>L</jats:sub>in percent).<jats:disp-formula><jats:alternatives><jats:graphic xmlns:xlink=""http://www.w3.org/1999/xlink"" xlink:href=""23291770v1_ueqn2.gif"" position=""float"" orientation=""portrait"" /></jats:alternatives></jats:disp-formula></jats:p></jats:sec><jats:sec><jats:title>RESULTS</jats:title><jats:p>In single factor linear approximations #1 and #2, the EF difference from the exact EF was dependent on the ratio F<jats:sub>L</jats:sub>/ F<jats:sub>D</jats:sub>, which is normally between 40 and 50%. Subject to the assumption of ellipsoidal LV shape at ED and ES, for ratios of F<jats:sub>L</jats:sub>/ F<jats:sub>D</jats:sub>between 20% and 80%, and over EFs ranging from 0 to 55%, the calculated differences from the exact EF were less than 6 EF points. At extremes of the ratio, less than 20% or over 80%, or for EFs over 55%, the difference could reach or exceed 10 points. Formula #2 produced slightly smaller differences than formula #1. Formula #3 reduced the difference error substantially to less than 4 EF percentage points regardless of the F<jats:sub>L</jats:sub>/ F<jats:sub>D</jats:sub>ratio except at EFs over 75%.</jats:p></jats:sec><jats:sec><jats:title>CONCLUSIONS</jats:title><jats:p>In uniformly contracting ventricles, simple linear formulas could provide rapid estimation of EF and may be helpful when image quality degrades planimetric EF accuracy, as well as in point-of-care echocardiography where planimetry is not feasible. Validation of these formulas through empirical testing is warranted.</jats:p></jats:sec>",publication,Undetermined,2023-06-29,Cold Spring Harbor Laboratory
doi_________::4ec91928b99ca83f98da41f451153502,刍议电力系统变电运行安全管理与设备维护,"<jats:p>为满足公众生产生活需求,加强电力系统变电运行安全管理与设备维护显得尤为重要。对此,本文分析了电力系统变电运行安全管理与设备维护存在的各类问题,并提出切实可行的改进措施,旨在为业内人士提供参考意见。</jats:p>",publication,Undetermined,2020-02-29,Frontier Scientific Publishing Pte Ltd
doi_________::4ee91308ea88ecdd6d8d556bb3fc7823,Information technology. W3C Web Content Accessibility Guidelines (WCAG) 2.0,,publication,Undetermined,2015-06-10,BSI British Standards
doi_________::53a3053f385ba4f61ea882d446954d85,Enzyme Actions and Properties,,publication,Undetermined,1930-01-01,Springer Science and Business Media LLC
doi_________::543871b5c08d326d9697f2e2264cd93f,MBSE Training Classes,,publication,English,2018-01-01,Unpublished
doi_________::5496c94f99fd8d8108bafe2e61511fa7,Diary of Societies,,publication,Undetermined,1916-04-01,Springer Science and Business Media LLC
doi_________::54a674abdd04ba279ac84537982d205a,"Le Livret de ballet, un objet littéraire ?","Intended to be transformed into dance, the libretto may be a transitory text devoid of literary value. However, many writers of the twentieth century tackled this inherently ephemeral form. Did they try to make it a space for literary creation or to appropriate it so they could play at being a choreographer? Destiné à se métamorphoser en danse, le livret serait un texte transitoire et privé de valeur littéraire. Pourtant de nombreux écrivains du xxe siècle s’emparent de cette forme a priori éphémère. Cherchent-ils à en faire un espace de création littéraire ou à s’en saisir pour se rêver chorégraphe ?",publication,Undetermined,2022-01-01,Classiques Garnier
doi_________::54e57e2fea7b7ea3541d588429a765c4,Murchison's cool cloud precursors,,publication,Undetermined,1997-08-22,American Association for the Advancement of Science (AAAS)
doi_________::5588203bd72166c432d809353695eb03,Index,,publication,Undetermined,2013-01-31,University of Toronto Press
doi_________::558b29d3abc623ff2f083ac6a1248aa2,"Hamburger Volkshochschule: Programm 1. und 2. Trimester 1963/1964, S. 88",,publication,Undetermined,2014-01-01,DIE - German Institute for Adult Education
doi_________::56666142a405b5a5e4c171550f271e99,Does Ethnographic Film (Still) Matter? Reflections on the Genre in a World of Multimodality,,publication,Undetermined,2022-03-15,Informa UK Limited
doi_________::6c02e3745fd6f7a2822e0e6480fad0f6,Annular shaped laser-accelerated proton beams,,publication,English,2011-01-01,Unpublished
doi_________::6c6bafbb5eac12fa98ce762dbaa54b67,Engineers Log,,publication,Undetermined,2004-01-01,Wiley
doi_________::6ef26a4f472b14961aaf18238f6083ba,Hopf monoids in colored species,,publication,Undetermined,2010-10-20,American Mathematical Society (AMS)
doi_________::6f4022d910b8d7c481de4da9cf7616a6,Circadian vital sign characteristics in postoperative patients with and without subsequent complications,"<jats:title>Abstract</jats:title>         <jats:p>Background  Although vital signs have a well-described 24-hour cyclic variation (circadian rhythm), this variation is often not considered in clinical vital sign monitoring despite being influenced by physiologic stress from complications. We aimed to analyse if circadian vital signs variations could identify patients at risk for Serious Adverse Events (SAE). Methods  This was an analysis of prospectively collected, continuously monitored vital sign data (heart rate (HR), respiration rate, oxygen saturation and blood pressure) for up to 5 days after major surgery. The primary outcome was any SAE that occurred up to 24 hours after a circadian value calculation. The primary analysis was the lowest (nadir) HR at night (NN-HR). We also analysed manually collected vital signs according to National Early Warning Score (NEWS) thresholds. Results  Of 590 patients, 461 (78%) were eligible for analysis. Ninety-nine (21.5%) patients developed SAE. The NN-HR was significantly higher in patients with impending SAE (median 70.8 min<jats:sup>− 1</jats:sup> [IQR 65.9–78.1] vs 65.4 [IQR 58-73.5], p &lt; 0.01). Discrimination based on NN-HR of &gt; 65.8 min<jats:sup>− 1</jats:sup> had sensitivity / specificity of 75.7% / 51.0%, with a resulting risk ratio of 3.04 (99% confidence interval (CI) 1.51–6.13) for subsequent SAE. Early warning scores of ≥ 6 at night yielded a RR of 4.02 (99% CI 1.87–8.61). Conclusions  Circadian analyses of vital signs can help to identify patients at risk for SAE after major surgery. The clinical utility of circadian vital sign monitoring in SAE prevention should be explored prospectively.</jats:p>",publication,Undetermined,2023-06-26,Research Square Platform LLC
doi_________::6fce859c504c09e62eafc703b1b35688,"Random-anisotropy ferromagnetic state in the<mml:math xmlns:mml=""http://www.w3.org/1998/Math/MathML""><mml:mrow><mml:mi mathvariant=""normal"">C</mml:mi><mml:msub><mml:mi mathvariant=""normal"">u</mml:mi><mml:mn>5</mml:mn></mml:msub><mml:mi mathvariant=""normal"">G</mml:mi><mml:msub><mml:mi mathvariant=""normal"">d</mml:mi><mml:mrow><mml:mn>0.54</mml:mn></mml:mrow></mml:msub><mml:mi mathvariant=""normal"">C</mml:mi><mml:msub><mml:mi mathvariant=""normal"">a</mml:mi><mml:mrow><mml:mn>0.42</mml:mn></mml:mrow></mml:msub></mml:mrow></mml:math>intermetallic compound",,publication,Undetermined,2016-03-11,American Physical Society (APS)
doi_________::6fe8ca1e5db43f4a3d6847434bcb90e1,Reviews and Notices of Books,,publication,Undetermined,1906-05-01,Elsevier BV
doi_________::70059df23fafbb357224a3a629dbcceb,ChemInform Abstract: THE ANODIC CORROSION OF GOLD IN CONCENTRATED CHLORIDE SOLUTIONS,<jats:title>Abstract</jats:title><jats:p>Mit Hinweis auf die Korrosion von elektronischen integrierten Schaltungen durch Feuchtigkeit und lösliche Chloridsalze wurde die Korrosion von Au als Funktion von Chloridkonzentration und pH untersucht ( ;z.B. NaCl + HCl).</jats:p>,publication,Undetermined,1982-10-12,Wiley
doi_________::703bc9f3170e1a1ce18937eb47b463b8,A review of edible selected green leaves which use in Sri Lankan culinary,,publication,Undetermined,2022-09-07,MedCrave Group Kft.
doi_________::705a0f698d13238bb6dcb72514c46b7b,Editor's Letter,,publication,Undetermined,2017-04-21,University of Michigan Library
doi_________::709dc76279bda181dbc709ba00e4d0de,Heat Transfer Characteristics of a Combination of Two Double-chamber Windows,"<jats:p>Low-emissivity coatings on glass surfaces, inert gas instead of air between glasses, and double-glazed windows are usually used to reduce heat loss from a room through windows. This effect can also be achieved by installing two double-chamber windows in one window opening at a certain distance from each other. This work uses numerical modelling to study the characteristics of heat transfer through a system of two two-chamber windows. The distributions of temperature and airflow velocity due to natural convection in the chambers of double-chamber windows and the space between the windows are analyzed. The distributions of temperatures and heat fluxes over the surfaces of windows are determined depending on the distance between the windows. The dependences on the distance between the windows of radiation, convective, and total heat flow through a system of two double-chamber windows are studied. It is shown that two double-chamber windows located at a certain distance from each other make it possible to increase the heat transfer resistance compared to one two-chamber window without a low-emission coating by 2.6...2.8 times. As the distance between windows increases, a given system's overall heat transfer resistance increases. However, this increase becomes insignificant if this distance is greater than 80 mm.</jats:p>",publication,Undetermined,2023-01-01,Politechnika Koszalinska
doi_________::70c8847eb072eb5978e473033e47173f,Życie w pojedynkę w okresie wczesnej dorosłości: między obawą a nadzieją,,publication,Undetermined,2021-01-01,Unpublished
doi_________::70db8b867fb8e6d97c9a1e34ebefa828,Frontmatter,,publication,Undetermined,2019-09-02,De Gruyter
doi_________::715b34a6ddee81526e8d0ffd328b1273,A Qualitative Investigation of Factors Influencing Successful Crowdfunding Campaigns in the UK and China Using the Reward Model,"International Council for Small Business (2021) Paris, France<br>Crowdfunding is an alternative funding mechanism whereby innovators can access funding for their projects using a variety of “payback” options to investors – from traditional rewards such as equity, dividends and repayments with interest to non-monetary rewards such as physical or digital rewards. It has been defined by Schwienbacher and Larralde (2010) as an open call to the crowd to generate financial resources for particular purposes. The reward?based model is of great interest as it gives the option of providing incentives to investors without using money (which is in short supply) or giving up equity – yet still being able to provide rewards which are of great interest to investors such as prototypes of games, a character in a game, early versions of products, or products at an exclusive discount (Islam and Phillips, 2020).",publication,Undetermined,2021-01-01,figshare
doi_________::7199106521d855a0951a05c831595d44,Técnicas de controle de percevejo castanho em pastagens,"<jats:p xmlns:lang=""pt-br"">Considerável extensão de áreas pertencentes ao Cerrado brasi-leiro  apresenta  infestação  do  percevejo  castanho,  que  por  sua  vez,  cons-titui-se  como  importante  praga  relacionada  à  degradação  das  pastagens.  A  falta  de  conhecimento  por  parte  dos  criadores  de  animais,  associada  à  dificuldade de controle, bem como a intolerância das gramíneas ao ataque desse  inseto  sugador,  contribuem  para  diminuição  da  produção  pecuária.  Posto isso, a execução deste trabalho teve como objetivo avaliar distintas técnicas  para  controle  do  percevejo  castanho  em  pastagem.  Para  tanto,  foi  conduzido  um  experimento  em  delineamento  de  blocos  completos  ao  acaso com 4 repetições. Os tratamentos foram constituídos da aplicação de inseticida biológico em superfície (via barra de pulverização) e subsuperfície (até 40 cm de profundidade – escarificador/aplicador) composto pelo fungo Metarhizium anisopliae e testemunhas, com e sem escarificação do solo. Foi avaliada a flutuação populacional da praga nos distintos tratamentos pela abertura de trincheiras 30 e 60 dias após a aplicação. Concluiu-se que não  houve  efeito  dos  tratamentos  no  controle  do  percevejo  castanho  nos  períodos avaliados.</jats:p>",publication,Undetermined,2023-01-01,Even3
doi_________::71a5ba74e3d7ad664f37fbf791041c2d,UNCOLLECTED AND UNPUBLISHED WRITINGS,,publication,Undetermined,1944-12-31,Harvard University Press
doi_________::71b6c6de8724c7bc5765468e4d84a9de,Minerals Engineering Conferences,,publication,Undetermined,2001-12-01,Elsevier BV
doi_________::71f4768b644dca5febbc259a80d0ad5b,"Preparation of (R)-­‐4-­‐cyclohexyl-­‐2,3-­‐butadien-­‐1-­‐ol",,publication,Undetermined,2014-01-01,Organic Syntheses
doi_________::7220a6eb070e1a4b6eac926d5f19920f,Etizolam/tizanidine overdose,,publication,Undetermined,2016-04-01,Springer Science and Business Media LLC
doi_________::7229e7a0eedd1b8155e21389cd1b294d,"ByzRev 03.2021.016: Andrea Olsen Lam – Rossitza Schroeder (eds.), The Eloquence of Art: Essays in Honour of Henry Maguire","Andrea Olsen Lam – Rossitza Schroeder (eds.), The Eloquence of Art: Essays in Honour of Henry Maguire (Birmingham Byzantine and Ottoman Studies s.n.). Abingdon – New York: Routledge 2020. xxxvi, 437 pp. – ISBN: 978-0-8153-9459-4 (hardback, £ 96.00), 978-1-351-18559-2 (ebook, £ 29.59) The Byzantine Review, Bd. 3 (2021)",publication,English,2021-04-16,The Byzantine Review
doi_________::7313d4be5d3fb4d2d56da8ec96f6e3b0,Approximate expression for the ground-state energy of the two- and three-dimensional Hubbard model at arbitrary filling obtained from dimensional scaling,"We generalize the linear discrete dimensional scaling approach for the repulsive Hubbard model to obtain a nonlinear scaling relation that yields accurate approximations to the ground-state energy in both two and three dimensions, as judged by comparison to auxiliary-field quantum Monte Carlo (QMC) data. Predictions are made for the per-site ground-state energies in two and three dimensions for $n$ (filling factor) and $U$ (Coulomb interaction) values for which QMC data are currently unavailable.",publication,Undetermined,2019-01-01,arXiv
doi_________::73605dbaab0adecff2fb9260207a095e,On Time,,publication,Undetermined,2009-07-20,Cambridge University Press (CUP)
doi_________::7380d5565afa3bf80cb49a6bf11ae422,Semantic Image Representation and Indexing,,publication,Undetermined,2008-01-01,Springer US
doi_________::739eff2b10a76130cb98f053d811426c,Analisis Nilai Resistansi pada Konfigurasi Keypad Satu Kabel serta pemanfaatannya dalam media pembelajaran,"An analysis of resistance values has been carried out on a single cable keypad configuration using a voltage divider system. The single cable keypad configuration is used to minimize the use of a microcontroller input output line. Keypads can be arranged using a matrix and without a matrix. For without matrix the number of arduino input output paths used is as many as the number of buttons on the keypad while using the matrix the number of input output lines used is fewer, namely the number of rows and columns that make up the matrix keypad. The 3x4 matrix keypad will require 7 microcontroller input output lines. On a one-wire matrix keypad a voltage divider system is used by adjusting the resistance value of a resistor such that the voltage divider output will give a different value for each keypress keypad. For this reason, it is necessary to analyze what resistance value is needed in the matrix keypad configuration so that it is expected that it can be used for a larger matrix size if later in the making of learning media it requires a very large number of buttons.",publication,Indonesian,2019-03-18,Zenodo
doi_________::758f8849137a8c82c762cdcf2e504149,Wind Power Modeling based on Data Augmentation and Stacking Integrated Learning,,publication,Undetermined,2022-07-25,IEEE
doi_________::80ed979be86f80b564f46fae84e8ab88,Climate Change Adaptations in Rural Planning,,publication,Undetermined,2017-09-30,Association of Rural Planning
doi_________::81fdf7ba23c197732a3b7687fd29a079,ChemInform Abstract: PROTON AND CARBON‐13 NMR STUDIES ON MALONIC AND ETHYLMALONIC ACIDS AND THEIR COBALT(III) COMPLEXES,,publication,Undetermined,1979-06-19,Wiley
doi_________::8301854a80cd0a9c83d5a24b9f94c0cb,Velar assibilation,"<p>Lingual affricates differing in place of articulation, i.e., mostly [tʃ] but also [ts] and other affricates, may emerge naturally from the (alveolo)palatal stop outcome of velar palatalization. This is strongly suggested by the co-occurrence of (alveolo)palatal stops and one of the lingual affricates in specific dialectal domains, and by the existence of languages where velar softening has yielded either [tʃ] ot [ts] but not both, presumably owing to dialect-dependent differences in base of articulation. Specific spectral, duration, and intensity characteristics render the (alveolo)palatal stop burst comparable to the frication noise of a front lingual affricate, and the affrication process is likely to operate in those positional, contextual, and prosodic conditions which favour the presence of one or more of these acoustic properties. The affinity between the assibilation of velars and dentoalveolars is also subject to investigation.</p>",publication,Undetermined,2020-08-13,Oxford University Press (OUP)
doi_________::830d816f8f51db0100949b5ea0412dc3,"A RHETORICAL, DECOLONIAL, AND CULTURAL CRITIQUE ON CISTEMATIC ACADEMIC SCHOLARLY PRACTICES",,publication,Undetermined,2023-01-01,Michigan State University
doi_________::8335e700ddb30b333e271ff59a8b8a3e,Remerciements,,publication,Undetermined,2018-01-10,Presses universitaires de Perpignan
doi_________::836f134c95173fb61f545ad5da22f837,SAT215 Sagliker Syndrome In A Filipino Female With End Stage Renal Disease,"<jats:title>Abstract</jats:title>                <jats:p>Disclosure: M.R. Pajanel: None. E. Clarito: None. K. Uytiepo: None. P. De La Peña: None.</jats:p>                <jats:p>This is a case of a 29-year-old Filipina, with chronic kidney disease secondary to chronic glomerulonephritis, undergoing hemodialysis for 10 years. She presented with maxillary mass, associated with other craniofacial deformities such as mandibular enlargement and widening of teeth spaces. Other associated symptoms include difficulty in swallowing solid food, difficulty in ambulation due to bone pains, and with noted shortening of stature. Workup revealed elevated intact parathyroid hormone (iPTH) 1638.8pg/mL(20x ULN), low Vitamin D, elevated ALP, but with normal levels of calcium and phosphorus. Sestamibi scan showed focal uptake and retention along medial aspect of the right thyroid bed and inferior to both thyroid beds suggestive of parathyroid adenoma or hyperplasia. Parathyroid ultrasound was consistent with findings of Sestamibi scan which also showed parathyroid nodules in the middle segment right thyroid lobe, and inferior to right thyroid lobe. Bone mineral density is below the expected range for age. Right parathyroidectomy was done and she was discharged well. She came in for follow-up with persistent elevated PTH 4765pg/ml(60x ULN), still with symptoms. Repeat imaging on ultrasound showed a parathyroid nodule posterior to the superior aspect of left thyroid 0.9 x0.5cm. Sestamibi scan confirmed a functioning parathyroid adenoma left inferior and superior thyroid bed. Left parathyroidectomy was done with a histopathologic result of left superior parathyroid consistent with parathyroid hyperplasia. On follow up, repeat intact PTH still elevated at 3677pg/mL and persistently elevated 2 months after at 3626pg/mL. Parathyroid ultrasound showed Parathyroid nodule, left, measuring 1.5x1.7x0.9 cm, inferior and posterior to the inferior border of the left thyroid gland. 99mTc-Sestamibi scan was consistent with the ultrasound in the left thyroid lobe suggestive of parathyroid adenomas or hyperplasia. Completion Parathyroidectomy was done on November 2018. Pre-operative iPTH was 4205pg/mL, which decreased to 291.3pg/mL postoperatively. She was discharged improved. On followup in 2022, she reports of decrease bone pain and now able to ambulate without difficulty. Repeat bone mineral density has improved and now within expected range for age. CONCLUSION: Sagliker syndrome is an entity described as an “uglyfying face syndrome” seen in patients with chronic kidney disease, presenting with facial deformities. Patients usually present with elevated parathyroid hormone (PTH) levels, and has been refractory to medical therapy. Surgical treatment has been the course of approach to prevent further clinical decline of patients. Identification of the syndrome is important for clinicians to know when to maximize medical management, and to identify patients who will benefit with early surgical management. The patient’s quality of life improved even 4 years post-surgery.</jats:p>                <jats:p>Presentation: Saturday, June 17, 2023</jats:p>",publication,Undetermined,2023-10-01,The Endocrine Society
doi_________::8390336cdfef826f0ec82b11a8c448c5,Transfer Function Analysis of Hydrogen Permeation through a Metallic Membrane in a Devanathan Cell.,<jats:p>Abstract not Available.</jats:p>,publication,Undetermined,2006-02-17,The Electrochemical Society
doi_________::83d96cd610c4261348eb11d8f9c17318,Communicating with groups,"<jats:p>Organizational communication must not be directed towards individuals alone, but must be carried out effectively with groups – formal and informal – which exist in the organization. Groups have characteristics in and of themselves; some are composites of the characteristics of the individuals who make up the group, and some are unique to the group and may not be represented by anyone within the group. Communication with groups often takes place in meetings. Therefore, organizational communication directed towards groups and transmitted within team meetings deserves study and attention. Deals with the following three aspects of groups: nature of groups; advantages and disadvantages of groups; and applied group communication, i.e. meetings.</jats:p>",publication,Undetermined,1995-09-01,Emerald
RECOLECTA___::e76bdb02bb771681f7c4d79b02b77007,La espiral y la negociación / Lorenzo Contreras.,,publication,Undetermined,1987-01-01,
RECOLECTA___::f2b73ef9ecfd1f189a0f6992bde3a1e0,"Algún paralelo tipológico más para la ""h"" vasca de origen nasal","The diachronic correspondence -n- ' -h- is one of the typologically most marked phono'logical developments of the Basque language. Nevertheless, the plausibility of such an evolution is guaranteed by a particular articulatory and acoustic connection between the features of glottality and nasality named rhinoglottophilia. Some examples of its effects in different languages were gathered in Igartua (2008). In this one new typological evidence is offered in order to confirm that the process of sound change in Basque is not so rare from a cross-linguistic perspective.",publication,Undetermined,2008-01-01,Servicio Editorial de la Universidad del País Vasco/Euskal Herriko Unibertsitatearen Argitalpen Zerbitzua
RECOLECTA___::f61022e52f83c070fcbdb23d9ba9c51e,Una experiència d'atenció a la diversitat. 'Una experiencia de atención a la diversidad',"Resumen de los autores en catalán Esta es una experiencia de atención a la diversidad en un centro donde, a las limitaciones habituales, se debe sumar la dispersión provocada por el hecho de estar repartido en dos edificios separados y las necesidades educativas que se derivan de su entorno sociocultural. ESP",publication,Undetermined,2001-01-01,
RECOLECTA___::f8083d0884a3da6fd522d29d7ff15922,Semaglutide and Cardiovascular Outcomes in Patients with Type 2 Diabetes,"Background: Regulatory guidance specifies the need to establish cardiovascular safety of new diabetes therapies in patients with type 2 diabetes in order to rule out excess cardiovascular risk. The cardiovascular effects of semaglutide, a glucagon-like peptide 1 analogue with an extended half-life of approximately 1 week, in type 2 diabetes are unknown.       Methods: We randomly assigned 3297 patients with type 2 diabetes who were on a standard-care regimen to receive once-weekly semaglutide (0.5 mg or 1.0 mg) or placebo for 104 weeks. The primary composite outcome was the first occurrence of cardiovascular death, nonfatal myocardial infarction, or nonfatal stroke. We hypothesized that semaglutide would be noninferior to placebo for the primary outcome. The noninferiority margin was 1.8 for the upper boundary of the 95% confidence interval of the hazard ratio.       Results: At baseline, 2735 of the patients (83.0%) had established cardiovascular disease, chronic kidney disease, or both. The primary outcome occurred in 108 of 1648 patients (6.6%) in the semaglutide group and in 146 of 1649 patients (8.9%) in the placebo group (hazard ratio, 0.74; 95% confidence interval [CI], 0.58 to 0.95; P<0.001 for noninferiority). Nonfatal myocardial infarction occurred in 2.9% of the patients receiving semaglutide and in 3.9% of those receiving placebo (hazard ratio, 0.74; 95% CI, 0.51 to 1.08; P=0.12); nonfatal stroke occurred in 1.6% and 2.7%, respectively (hazard ratio, 0.61; 95% CI, 0.38 to 0.99; P=0.04). Rates of death from cardiovascular causes were similar in the two groups. Rates of new or worsening nephropathy were lower in the semaglutide group, but rates of retinopathy complications (vitreous hemorrhage, blindness, or conditions requiring treatment with an intravitreal agent or photocoagulation) were significantly higher (hazard ratio, 1.76; 95% CI, 1.11 to 2.78; P=0.02). Fewer serious adverse events occurred in the semaglutide group, although more patients discontinued treatment because of adverse events, mainly gastrointestinal.       Conclusions: In patients with type 2 diabetes who were at high cardiovascular risk, the rate of cardiovascular death, nonfatal myocardial infarction, or nonfatal stroke was significantly lower among patients receiving semaglutide than among those receiving placebo, an outcome that confirmed the noninferiority of semaglutide. (Funded by Novo Nordisk; SUSTAIN-6 ClinicalTrials.gov number, NCT01720446.) Sin financiación 72.406 JCR (2016) Q1, 1/155 Medicine, General & Internal UEM",publication,Undetermined,2016-01-01,
RECOLECTA___::fc56eb8c3139f2e952b4d07ff89fb60d,Primary hyperparathyroidism due to parathyroid carcinoma associated with pulmonary embolism.,"Parathyroid carcinoma (PC) is an uncommon disease affecting 0.5-5% of all  patients with primary hyperparathyroidism. PC is characterized by the association  of severe symptoms of hypercalcemia, high serum calcium and parathyroid hormone  (PTH) concentrations and a palpable neck mass. Definitive diagnosis can only be  made by histological study after surgery. We report the case of a 77-year-old man  admitted to our hospital due to pulmonary embolism and hypercalcemia. The patient  was initially diagnosed with primary hyperparathyroidism, but displayed the  atypical clinical features described above. Due to clinical suspicion of PC, a  surgical procedure was carried out. Diagnosis of parathyroid carcinoma was  confirmed by histopathologic study.",publication,Undetermined,2008-01-01,ELSEVIER DOYMA SL
RECOLECTA___::fedc98dc3df2c9715ab7f8d086ed96b2,The end of the decline in cervical cancer mortality in Spain: trends across the period 1981-2012.,"In Spain, cervical cancer prevention is based on opportunistic screening, due to the disease's traditionally low incidence and mortality rates. Changes in sexual behaviour, tourism and migration have, however, modified the probability of exposure to human papilloma virus among Spaniards. This study thus sought to evaluate recent cervical cancer mortality trends in Spain.",publication,Undetermined,2015-01-01,
WarsawUniWUT::649e4a511a94223e3d10cd0b988cf94a,MTT-S Transnational,,publication,Undetermined,2008-01-01,
WarsawUniWUT::d2efa1b56e180b5b8e2e8e8f4ee508a2,Teoria filtracji dla układów o zmiennej strukturze,,publication,Polish,2003-01-01,
WarsawUniWUT::d3eb813101bc8e89ef2b399ae84f606e,Parallel implementation of basic rough sets notions in cellular arrays,,publication,English,1993-01-01,
a89337edbe55::e18b87effa3176299ab6899625fb9f5f,Livets träd – organismernas mångfald och fylogeni,En svenskspråkig handbok i systematik av Jan Thomas Johansson (Stockholm) & Ronny Larsson (Lund),publication,Swedish,2008-01-22,Societas pro Fauna et Flora Fennica
a9ac50f576aa::0089c1106edb538655b0509934c99e8e,L’encadrement éthique et juridique des essais in silico en droit européen,International audience,publication,French,2020-12-01,HAL CCSD
a9ac50f576aa::07f6f180057d4cb70970e8d4940dd6a7,Identification à partir de mesures de champs,"Deux types de méthodes sont couramment utilisés pour identifier les paramètres constitutifs d'une loi de comportement élastique à partir de mesures cinématiques disponibles sur la totalité du volume d'un solide: les méthodes basées sur le recalage des paramètres d'entrée d'un calcul numérique de type éléments finis (méthodes FEMU), et la méthode des champs virtuels (MCV). Dans cette étude, on montre que, quelque soit la méthode FEMU utilisée, le système d'équations final à inverser peut aussi être obtenu par l'application de la MCV avec un choix judicieux de champs virtuels. Ces champs virtuels sont donnés pour formuler trois algorithmes pour chacune des trois méthodes FEMU les plus couramment utilisées. Ces algorithmes sont finalement appliqués sur un exemple. Two main types of approaches are available in the literature for identifying material parameters from full-field measurements: Finite Element Model Updating (FEMU) methods and the Virtual Fields Method (VFM). In this study, it is proved that using particular virtual fields, the application of the VFM onto measured displacement fields provides the same results as applying a FEMU method. According to this property of the VFM, three FEMU algorithms have been derived and validated. International audience",publication,French,2007-05-21,HAL CCSD
a9ac50f576aa::1dc462507b583c91253789ebe2d4150d,SdFFF monitoring of cellular apoptosis induction by diosgenin and different inducers in the human 1547 osteosarcoma cell line,"Apoptosis is one of the most important phenomena of cellular biology. Sedimentation field flow fractionation (SdFFF) has been described as an effective tool for cell separation, respecting integrity and viability. Because SdFFF takes advantage of intrinsic properties of eluted cells (size, density, shape or rigidity), we investigated the capacity of SdFFF in monitoring the early and specific biophysical modifications which occurred during cellular apoptosis induction. Then, we used, as an in vitro cellular apoptosis model, the association between human 1547 osteosarcoma cells and diosgenin, a plant steroid known to induce apoptosis. Four other molecules were studied: hecogenin, tigogenin, staurosporine and MG132. Our results demonstrated a correlation between SdFFF elution profile changes (peak shape modification and retention ratio evolution) and effective apoptosis induction. For the first time, we demonstrated that SdFFF could be used to monitor apoptosis induction as early as 6 h incubation, suggesting different applications such as screening series of molecules to evaluate their ability to induce apoptosis, or sorting apoptotic cells to study apoptosis pathway. International audience",publication,English,2004-09-01,HAL CCSD
a9ac50f576aa::22e6a40c358347ccd22864eae8cba868,"Note de lecture : Jan T. Gross, ""La peur. L’antisémitisme en Pologne après Auschwitz"". Ed. Calmann-Lévy, 2010",International audience,publication,French,2012-06-30,HAL CCSD
a9ac50f576aa::2a1a1df4d1851cb5261ab66f9091e864,Study on the mechanism of HIV-1 maturation inhibitors on viral Gag precursor,"Le traitement du précurseur Gag du VIH-1 (MA-CA-SP1-NC-SP2-P6) par la protéase virale, après bourgeonnement de la particule virale, permet la maturation du virion, étape essentielle et ultime du cycle de réplication. Le clivage final se produit entre la capside (CA) et le peptide espaceur 1 (SP1). Le bevirimat (BVM), premier inhibiteur de maturation du VIH-1, bloque le clivage de la jonction CA-SP1 en se liant à cette jonction. Cependant, le mécanisme par lequel le BVM inhibe la maturation du VIH-1 n'est pas clair. Dans ce travail, la structure en solution d'un domaine muté de Gag contenant 157 acides aminés, CACTD(W184A, M185A)-SP1-NC, englobant le domaine C-terminal de CA, SP1 et la nucléocapside, a été déterminée par RMN en présence d'EP39, un dérivé découvert dans notre laboratoire, plus soluble que le BVM. Les propriétés structurales et dynamiques de la protéine en l'absence et en présence d'EP39 ont été caractérisées par des expériences de RMN de relaxation 15N. Les résultats montrent que la liaison de EP39 diminue la dynamique de la jonction CA-SP1, en particulier du motif QVT dans SP1 reconnu par EP39 et perturbe l'équilibre hélice-coil naturel aux deux extrémités du domaine SP1. Pour mieux comprendre le mécanisme d'action des inhibiteurs de maturation du VIH, nous avons étudié par RMN l'effet d'un autre molécule, PF46396, un composé Dérivé de la pyridone, bloquant le clivage entre CA et SP1 et inhibant la maturation. Les résultats montrent que, bien que EP39 et PF46396 soient différents par leur structure et que l'affinité de PF46396 pour la protéine soit inférieure à celle d'EP39, leur mode d'action par stabilisation du domaine SP1 en hélice est comparable. Nous pensons que l'interaction hydrophobe entre les inhibiteurs et le motif QVT de la jonction CA-SP1 est un déterminant majeur pour stabiliser la structure hélicoïdale de la jonction CA-SP1. Cet effet empêche l'accès de la protéase virale au site de clivage et finalement inhibe la maturation de la particule. Nos résultats fournissent de nouvelles informations sur la structure et la dynamique du domaine SP1 et suggèrent un mécanisme par lequel les inhibiteurs de maturation interfèrent avec le traitement final des particules virales. Ils ouvrent des voies de recherche nouvelles pour le développement de nouveaux inhibiteurs ciblant la maturation du VIH-1. Treatment of the HIV-1 Gag precursor by the viral protease after release of the viral particle allows the virion to mature, an essential step in the replication cycle. The final cleavage occurs between the capsid (CA) and the spacer peptide 1 (SP1). The bevirimat (BVM), the first HIV-1 maturation inhibitor, blocks the cleavage of the CA-SP1 junction by binding to this junction. However, the mechanism by which BVM inhibits the maturation of HIV-1 is unclear. In this work, the solution structure of a mutated domain of Gag, CACTD(W184A, M185A)-SP1-NC encompassing the C-terminal of CA, SP1 and the nucleocapsid (157 amino acids) was determined by NMR in the presence of EP39, a derivative discovered in the laboratory, more soluble than BVM. The structural and dynamic properties of the protein in the absence and in the presence of EP39 were characterized by 15N relaxation NMR experiments. The results show that the binding of EP39 decreases the dynamics of the CA-SP1 junction, in particular the QVT motif in SP1, recognized first by EP39, and disturbs the natural coil-helix equilibrium on both ends of the SP1 domain. To better understand the mechanism of action of HIV maturation inhibitors, we studied by NMR the effect of another molecule, PF46396, a pyridone-based compound, blocking the cleavage between CA and SP1 and inhibiting the maturation. The results show that, although EP39 and PF46396 are structurally different and that the affinity of PF46396 for the protein is lower than that of EP39, they have the same effect in stabilizing the SP1 domain in helix. We believe that the hydrophobic interaction between the inhibitors and the CA-SP1 junction is a major determinant for stabilizing the helical structure of the CA-SP1 junction, which disrupts access of the viral protease to the cleavage site and ultimately inhibits the maturation of HIV-1 particle. Our results provide new information on the structure and dynamics of the SP1 domain and suggest a mechanism by which maturation inhibitors interfere with the final processing of HIV-1 particles. They offer additional clues for the development of new inhibitors targeting the maturation of HIV-1.",publication,English,2020-09-25,HAL CCSD
a9ac50f576aa::2d1d6328ed5f64df2dedf9cdb525e1d3,"Identification, caractérisation mécaniste et prévision de la fraction biodisponible du phosphore dans les sols cultivés",International audience,publication,French,2007-10-18,HAL CCSD
a9ac50f576aa::30fa1efe11ac5170d7f0f82541f5a807,Le séminaire de Tran Van Khê à l’EHESS,"Au milieu des années 1980, un séminaire de musicologie s’est tenu à l’École des hautes études en sciences sociales. De musicologie, mais aussi plutôt de sciences sociales de la musique, et encore portant sur une culture vivante géographiquement située, autrement dit de ce que l’on appellerait aujourd’hui de l’ethnomusicologie : le séminaire sur « Les chants alternés en Asie du Sud Est » de Tran Van Khê, alors directeur de recherches au CNRS et membre de l’équipe CNRS-Langues’O Centre de Documentation et de Recherche sur l’Asie du Sud-Est et du Monde Insulindien (CeDRASEMI).Une des traces de cette histoire figure dans une des nombreuses bibliographies du maître disséminées sur la Toile1, une autre dans un document de l’Association française pour la recherche sur l’Asie du Sud-Est (AFRASE) daté de février 1985. D’autres traces ont marqué ma formation à l’ethnomusicologie et mon parcours, de musicien à musicologue, de la scène à l’estrade2. Il a paru utile, on espère nécessaire, de retracer un moment peu présent dans les annales, et même dans les mémoires, où se constitua une alliance entre étude de la musique et sciences sociales, hors des musées, des conservatoires et même des programmes universitaires. International audience",publication,French,2018-05-09,HAL CCSD
a9ac50f576aa::4260227c250a0957125a8c356bf0f897,Etude numérique de la plasticité d'agrégats polycristallins,"Cette étude a été effectuée à la suite du développement de lois et d'outils applicables à la modélisation numérique du comportement élastoviscoplastique de matériaux cristallins : des lois de comportement de monocristaux, des lois de transition d'échelle pour les modèles d'homogénéisation, un code de calcul Eléments Finis adapté au calcul parallèle et un programme de génération de microstructures polycristallines 3D. Disposant de ces éléments, nous avons étudié le comportement de polycristaux 3D en petites déformations, aux échelles macroscopique, intergranulaire et intragranulaire.<br />Le milieu polycristallin est décrit par des polyèdres de Voronoï, donnés sous la forme d'un fichier de voxels (L. Decker, D. Jeulin, ENSMP). L'implémentation de la méthode FETI dans le code EF ZéBuLoN (F. Feyel, S. Quilici, ENSMP-ONERA) permet la résolution en parallèle de problèmes à très grand nombre de degrés de liberté. Ainsi nous avons accès à un nombre illimité de réalisations de microstructures et nous pouvons faire figurer suffisamment d'éléments dans un maillage pour que soit possible la description des champs intragranulaires dans un polycristal 3D.<br />Pour commencer nous montrons les spécificités de notre approche par rapport aux travaux de modélisation de la plasticité cristalline. La première partie de l'exploitation des outils a consisté à analyser la sensibilité des résultats aux données de la modélisation (nombre d'éléments, nombre de grains, réalisation de microstructure . . . ) afin d'établir une configuration de calcul valable pour des simulations sur un Volume Elémentaire Représentatif de polycristal isotrope. En seconde partie nous mettons en évidence l'hétérogénéité de comportement inter- et intragranulaire et l'apport de la méthode par rapport à une démarche autocohérente. Ceci est complété par une analyse de l'influence des joints de grain et des conditions aux limites sur la réponse d'un essai en traction simple, aux différentes échelles de la modélisation. Nous caractérisons ainsi un effet local et un effet moyen pour tous les grains, en fonction de la distance à un joint ou à un bord. En annexe sont donnés les résultats de simulations obtenus avec un modèle non-local des milieux de Cosserat (S. Forest, ENSMP) qui ont permis de quantifier un effet de taille de grain sur le comportement effectif de polycristaux.",publication,French,2000-12-22,HAL CCSD
a9ac50f576aa::443ec2b43082fcfc64e9695209e2aee1,Determination of the elastic properties in CFRP composites: comparison of different approaches based on tensile tests and ultrasonic characterization,"The mechanical characterization of composite materials is nowadays a major interest due to their increasing use in the aeronautic industry. The design of most of these materials is based on their stiffness, which is mainly obtained by means of tensile tests with strain gauge measurement. For thin laminated composites, this classical method requires adequate samples with specific orientation and does not provide all the independent elastic constants. Regarding ultrasonic characterization, especially immersion technique, only one specimen is needed and the entire determination of the stiffness tensor is possible. This paper presents a study of different methods to determine the mechanical properties of transversely isotropic carbon fibre composite materials (gauge and correlation strain measurement during tensile tests, ultrasonic immersion technique). Results are compared to ISO standards and manufacturer data to evaluate the accuracy of these techniques. International audience",publication,English,2014-01-01,HAL CCSD
a9ac50f576aa::5a3581d365ed56d58948ae5c48ddb7bb,"Le porc, modèle d'étude de la fonction de barrière intestinale",International audience,publication,French,2009-05-04,HAL CCSD
a9ac50f576aa::61c06e163eec894d6c01671cc83991c5,Rotational modes of Poincaré Earth models,International audience,publication,English,2021-01-01,HAL CCSD
a9ac50f576aa::6b72086bf11b752d58ca54f4a7f1ac87,"Synthèse atelier de travail - problématique de gestion des proliférations d’acanthasters en Nouvelle-Calédonie : Nouméa, 14 septembre 2020","Reconnues comme une cause majeure de destruction des récifs coralliens de l'Indo-Pacifique, ces proliférations ont fait l'objet d'un important effort de recherche scientifique mais ont également entraîné la mise en oeuvre d'ambitieux programmes de gestion dans certains pays de la région. En Nouvelle-Calédonie, plusieurs événements de proliférations massives d'acanthasters ont été enregistrés au cours des dernières années mais la stratégie de gestion à adopter face à ce phénomène fait l'objet de débats parmi les acteurs locaux. Cela concerne en particulier, l'adoption ou non de mesures de contrôle des proliférations. C'est dans ce contexte que gestionnaires et experts calédoniens ont été invités à se réunir et à échanger sur ce sujet afin de 1) présenter un état des lieux objectif des connaissances scientifiques disponibles localement et régionalement et 2) établir les tenants et aboutissants en lien avec le suivi du phénomène et la mise en oeuvre d'éventuelles actions de contrôle.",publication,French,2021-01-01,HAL CCSD
a9ac50f576aa::6c74a830bb651a194f6aac731783f2ea,Diagnosis of Staphylococcus aureus intramammary infections by detecting antibodies in milk with an ELISA kit,International audience,publication,English,1992-01-01,HAL CCSD
a9ac50f576aa::7108fd4935b51a405534f212fbd716bb,Fluorescent pseudomonad injectisomes and manipulation of plant defenses: biocontrol versus pathogenic rhizosphere agents,International audience,publication,English,2015-05-22,HAL CCSD
a9ac50f576aa::a89a4d97e7ade18c8c1b06909912c5d9,High precision neutron inelastic cross section measurements,"High precision neutron inelastic scattering cross section data are very important for the development of the new generation of nuclear reactors (Gen IV). Our experiments, performed using the GELINA neutron source and the GAINS spectrometer ofthe European Commission Joint Research Center, Geel, produce highly reliable and precise cross section data. We will present thedetails of the setup and the data analysis technique allowing production of such unique results, and we will show examples of twoexperimental results International audience",publication,English,2016-06-26,HAL CCSD
a9ac50f576aa::bebf35a579530f881f2abaeb8b63d947,Stationary solutions to the Boltzmann equation in the plane,"The paper proves existence of stationary solutions to the Boltzmann equation in a bounded set of R 2 for given indata, hard forces and truncation in the collision kernel for small velocities and close to parallel colliding velocities. It does not use any averaging in velocity lemma and uses techniques from the discrete velocity stationary case recently developped in [7]-[8]-[9], where the averaging in velocity lemmas are not valid.",publication,English,2023-04-28,HAL CCSD
a9ac50f576aa::c16720a64ac5622ce038238a207e6514,Large-area femtosecond laser milling of silicon employing trench analysis,"A femtosecond laser is a powerful tool for micromachining of silicon. In this work, large-area laser ablation of crystalline silicon is comprehensively studied using a laser source of pulse width 300 fs at two wavelengths of 343 nm and 1030 nm. We develop a unique approach to gain insight into the laser milling process by means of detailed analysis of trenches. Laser scribed trenches and milled areas are characterized using optical profilometry to extract dimensional and roughness parameters with accuracy and repeatability. In a first step, multiple measures of the trench including the average depth, the volume of recast material, the average longitudinal profile roughness, the inner trench width and the volume removal rate are studied. This allows for delineation of ablation regimes and associated characteristics allowing to determine the impact of fluence and repetition rate on laser milling. In a second step, additional factors of debris formation and material redeposition that come into play during laser milling are further elucidated. These results are utilized for processing large-area (up to few mm 2) with milling depths up to 200 µm to enable the fabrication of cavities with low surface roughness at high removal rates of up to 6.9 µm 3 µs-1. Finally, laser processing in combination with XeF2 etching is applied on SOI-CMOS technology in the fabrication of radio-frequency (RF) functions standing on suspended membranes. Performance is considerably improved on different functions like RF switch (23 dB improvement in 2 nd harmonic), inductors (near doubling of Q-factor) and LNA (noise figure improvement of 0.1 dB) demonstrating the applicability of milling to radio-frequency applications. Renatech Network, Laboratoire commun STmicroelectronics - IEMN International audience",publication,English,2021-01-01,HAL CCSD
a9ac50f576aa::eaa4a4faa917de3a6dd338567e3fb748,Evolutionary processes transpiring in the stages of lithopanspermia,"Lithopanspermia is the theory that proposes the natural exchange of organisms between solar system bodies due to asteroidal or cometary impactors. Research not only studies the physics of the stages themselves, but also the survival probabilities of life in each of these. However, although life is the primary factor of interest in lithopanspermia, this life is mainly treated as a passive cargo. Life, however, does not merely passively receive an onslaught from stressful surroundings, it reacts. Thus, planetary ejection, interplanetary transport, and planetary entry are just the first 3 factors in the equation. The other factors are the quality, quantity, and evolutionary strategy of the transported organisms. Thus, it may be the case that a reduction in quantity in stage 1 will increase the quality towards a second stress challenge in stage 3, by increasing the frequency of robust genotypes. Thus, robustness towards a stressor may in fact be higher in the surviving bacterial population at the end of transport, in stage 3, than at its beginning, in stage 1. Thus, the stages of lithopanspermia can themselves act as facilitators of evolutionary processes that enhance the ability of the collected organisms to survive e.g. pressure and heat shock. Thus, the multiple abiotic pressures the population encounters through the 3 stages can potentially develop very robust bacteria with enhanced survival capacities considerably higher than otherwise expected. The analysis details a possible, but probably rare, possibility. However, next to lithopanspermia there is also the potential space craft mediated panspermia. The analogous stages in a space craft may provide a greater likelihood towards increasing the stress tolerance of hitch hiking organisms. Furthermore, missions that seek life elsewhere will frequently be sent to places where it has been assumed that there may be life as we know it. Thus, not only can we bring terrestrial organisms where they are potentially more likely to survive, but may also have given them a boost to their invasive potential along the way. The analysis highlights further demands planetary protection protocols need to implement, as well as providing a framework for analyzes of ecological scenarios regarding transmissions of life, natural or artificial, between worlds in a solar system.",publication,English,2020-08-05,HAL CCSD
a9ac50f576aa::f1887057d78d9215fcb325b6ca6955d9,"Transition politique et transition humanitaire, Analyse politique comparée de la transition financière",International audience,publication,French,2017-03-01,HAL CCSD
a9ac50f576aa::f7052f7834ec5a5956fbc611f051855b,"Identification, validation and biological characterisation of novel glioblastoma tumour microenvironment subtypes: implications for precision immunotherapy",International audience,publication,English,2022-12-06,HAL CCSD
a9ac50f576aa::f739a6fb84397874835e7088e0619dae,Approximation De L'information Mutuelle Basée Sur Un Développement D'edgeworth À L'ordre 3 : Application Au Recalage Non-Rigide D'images Médicales.,International audience,publication,English,2011-04-06,HAL CCSD
arXiv_______::1df8f2118956c71a64adaaf8d92fc981,Torsion in the Magnitude homology of graphs,"Magnitude homology is a bigraded homology theory for finite graphs defined by Hepworth and Willerton, categorifying the power series invariant known as magnitude which was introduced by Leinster. We analyze the structure and implications of torsion in magnitude homology. We show that any finitely generated abelian group may appear as a subgroup of the magnitude homology of a graph, and, in particular, that torsion of a given prime order can appear in the magnitude homology of a graph and that there are infinitely many such graphs. Finally, we provide complete computations of magnitude homology of outerplanar graphs and focus on the ranks of the groups along the main diagonal of magnitude homology.",publication,English,2019-12-31,
arXiv_______::65139ada57bf031a7b25165613ddb3c3,Evaluating Cognitive Maps and Planning in Large Language Models with CogEval,"Recently an influx of studies claim emergent cognitive abilities in large language models (LLMs). Yet, most rely on anecdotes, overlook contamination of training sets, or lack systematic Evaluation involving multiple tasks, control conditions, multiple iterations, and statistical robustness tests. Here we make two major contributions. First, we propose CogEval, a cognitive science-inspired protocol for the systematic evaluation of cognitive capacities in Large Language Models. The CogEval protocol can be followed for the evaluation of various abilities. Second, here we follow CogEval to systematically evaluate cognitive maps and planning ability across eight LLMs (OpenAI GPT-4, GPT-3.5-turbo-175B, davinci-003-175B, Google Bard, Cohere-xlarge-52.4B, Anthropic Claude-1-52B, LLaMA-13B, and Alpaca-7B). We base our task prompts on human experiments, which offer both established construct validity for evaluating planning, and are absent from LLM training sets. We find that, while LLMs show apparent competence in a few planning tasks with simpler structures, systematic evaluation reveals striking failure modes in planning tasks, including hallucinations of invalid trajectories and getting trapped in loops. These findings do not support the idea of emergent out-of-the-box planning ability in LLMs. This could be because LLMs do not understand the latent relational structures underlying planning problems, known as cognitive maps, and fail at unrolling goal-directed trajectories based on the underlying structure. Implications for application and future directions are discussed.",publication,English,2023-09-24,
base_search_::402aebfa15800668b3d8a6333ca2a919,"Inhibition of cell proliferation by p107, a relative of the retinoblastoma protein.","Udgivelsesdato: 1993-Jul ; The cellular protein p107 shares many structural and biochemical features with the retinoblastoma gene product, pRB. We have isolated a full-length cDNA for human p107 and have used this clone to study the function of p107. We show that, like pRB, p107 is a potent inhibitor of E2F-mediated trans-activation, and overexpression of p107 can inhibit proliferation in certain cell types, arresting sensitive cells in G1. Several experiments, however, showed that growth inhibition by pRB and p107 did not occur through the same mechanism. First, in the cervical carcinoma cell line C33A, p107 was able to block cell proliferation, whereas pRB could not, even though both proteins were potent inhibitors of E2F-mediated transcription in this cell line. Second, growth arrest by pRB and p107 was rescued differentially by various cell cycle regulators. Third, some mutants of p107 that cannot associate with adenovirus E1A were still able to inhibit cell proliferation, whereas analogous mutants in pRB are known to be unable to block cell growth. Together, these results suggest a biological role of p107 that is related, but not identical, to that of pRB.",publication,English,1993-01-01,
base_search_::43c13dbb5d8f9830d0750526fa7b3e8e,Cathechismus Romanus ad parochos . Exss. Concilii Tridentini decreto PII V. Pontif. Maximi Jessu editus.,Signaturizado,publication,Latin,1827-01-01,
base_search_::44e87c6089a502142cc475b77bc1108a,PREPP (Process Experimental Pilot Plant) rotary kiln seals: Problem and resolution,"The Process Experimental Pilot Plant (PREPP) is a facility designed to demonstrate processing of low level chemical and transuranic hazardous waste. The plant includes equipment for handling the incoming waste containers, shredding, incineration and cooling the waste, grouting the residue and scrubbing and filtration of the off gas. The process incinerator is a rotary kiln approximately 8-{1/2} ft diameter and 25 ft long with a rotary seal assembly at each end. Each seal assembly consists of a primary, secondary and tertiary seal, with a positive air pressure between primary and secondary seals to prevent out-leakage from the kiln. The kiln operates at 0.5 inch water negative pressure. From the very outset the kiln seals exhibited excessive drag which taxed the kiln drive capacity and excessive in-leakage which limited kiln temperature. An engineering evaluation concluded that the original seals supplied by the kiln vendor could not accommodate expansion and centerline shift of the kiln resulting from heatup of the kiln and its support system. A totally new concept kiln seal design has been generated to replace the (modified) original seals. This new seal system has been designed to provide a very tight long lasting seal which will accommodate the 1.5 inch axial shift and up to 1 inch radial movement of the kiln shell. Design lifetime of the seal is 10,000 operating hours between major maintenance services while maintaining an acceptable leak rate hot or cold, rotating or stopped. The design appears adaptable to any size kiln and is suitable for retrofit to existing kilns. A one-third scale prototype seal assembly is being built to verify the concept prior to construction of the 10 ft diameter seals for the PREPP rotary kiln. 4 figs.",publication,English,1990-01-01,EG & G Idaho
base_search_::44fc6ba9830d66c1bc71056076e3dc2c,School leaders' perceptions of fear: an interpretative phenomenological study,"The importance of well being for school leaders has become an area of growing concern for researchers and policy-makers alike. This interpretative, phenomenological study contributes to the research around school leadership and emotion: in particular, school leaders’ perceptions of fear as experienced in their professional roles. School leaders were interviewed about their lived experience of fear, and themes of control, expectations and support were identified. Recommendations from the study include an increased emphasis on the emotional aspects of school leadership in principal preparation programmes, and a continued focus on the well being of Australian school leaders.",publication,Undetermined,2021-03-03,
base_search_::486fa2f84e6e359408dc3dcfeb3a6663,"Le Nouvelliste : quotidien [""puis"" quotidien de la Guadeloupe ""puis"" le plus ancien quotidien des Antilles]","04 janvier 1951 ; 1951/01/04 (A42,N7658).",publication,French,1951-01-04,[s.n.] (Pointe-à-Pitre)
base_search_::48a6347652241636b52e6d8a48f36041,Host adaptation and specialization in Tetranychidae mites,"Microarray data generated in this study were deposited to the NCBI Gene Expression Omnibus as series GSE227740. ; International audience ; Composite generalist herbivores are comprised of host-adapted populations that retain the ability to shift hosts. The degree and overlap of mechanisms used by host-adapted generalist and specialist herbivores to overcome the same host plant defenses are largely unknown. Tetranychidae mites are exceptionally suited to address the relationship between host adaptation and specialization in herbivores as this group harbors closely related species with remarkably different host ranges—an extreme generalist the two-spotted spider mite (Tetranychus urticae Koch [Tu]) and the Solanaceous specialist Tetranychus evansi (Te). Here, we used tomato-adapted two-spotted spider mite (Tu-A) and Te populations to compare mechanisms underlying their host adaptation and specialization. We show that both mites attenuate induced tomato defenses, including protease inhibitors (PIs) that target mite cathepsin L digestive proteases. While Te solely relies on transcriptional attenuation of PI induction, Tu and Tu-A have elevated constitutive activity of cathepsin L proteases, making them less susceptible to plant anti-digestive proteins. Tu-A and Te also rely on detoxification of tomato constitutive defenses. Te uses esterase and P450 activities, while Tu-A depends on the activity of all major detoxification enzymatic classes to disarm tomato defensive compounds to a lesser extent. Thus, even though both Tu-A and Te use similar mechanisms to counteract tomato defenses, Te can better cope with them. This finding is congruent with the ecological and evolutionary times required to establish mite adaptation and specialization states, respectively.",publication,English,2023-12-01,HAL CCSD
base_search_::49ccc803b36ec6a86ae7d3f05f439293,Spiritual emergencies : understanding transpersonal crises.,,publication,Undetermined,1986-01-01,ScholarWorks@UMass Amherst
base_search_::49f6aee470fecdbaedd46f70d1da1171,Advanced Power Technology Development Activities for Small Satellite Applications,"NASA Glenn Research Center (GRC) has a long history related to the development of advanced power technology for space applications. This expertise covers the breadth of energy generation (photovoltaics, thermal energy conversion, etc.), energy storage (batteries, fuel cell technology, etc.), power management and distribution, and power systems architecture and analysis. Such advanced technology is now being developed for small satellite and cubesat applications and could have a significant impact on the longevity and capabilities of these missions. This presentation will focus on various advanced power technologies being developed and demonstrated by NASA, and their possible application within the small satellite community. Under the 2016 Small Spacecraft Technology Program Smallsat Technology Partnerships Appendix research announcement, NASA selected various University Partnership proposals where academic institutions work in collaboration with NASA Centers to develop advanced technology specifically designed for small satellite applications. Two proposals were selected in the area of advanced power technology. NASA GRC and NASA Kennedy Space Center (KSC) are working with Rochester Institute of Technology (RIT) and the University of Miami to develop advanced photovoltaic and energy storage technology. The RIT effort, titled “Demonstration of a Nano-Enabled Space Power System,” utilizes nanomaterial‐enhanced power system components (quantum dot/quantum well solar cells; carbon nanotube (CNT) wire harnesses; CNT‐enhanced lithium‐ion batteries; CNT thermoelectric energy harvesting) to demonstrate the ability of nanomaterial enhanced components to reduce the mass of power system components without sacrificing power availability or performance. To date, RIT has successfully synthesized single-wall carbon nanotube material, integrated these materials in prototype power system components, and tested their performance. The University of Miami work, “Development of a Lightweight CubeSat with Multifunctional Structural ...",publication,Undetermined,2017-08-06,DigitalCommons@USU
base_search_::5063581651c18b55b370f7e1dd77c226,La Noche : único diario de la tarde en Galicia: La Noche - Ano XXXVII Número 10610 - 1955 marzo 14 (14/03/1955),,publication,Spanish; Castilian,1955-01-01,
base_search_::50d6bf659cbfbde0a9a14a11576ca632,Objective and subjective measures of fuel poverty,"As energy prices continue to rise to reflect the real cost of carbon, the numbers of households in fuel poverty is increasing rapidly. This paper uses a unique data set to explore one alternative measure of fuel poverty based on whether consumers feel able to afford their energy, similar to one introduced by the government a few years ago. We explore the links between an expenditure based and our subjective measure of fuel poverty and compare these differences with those between official measures. Amongst low income households, 28% spent more than a tenth of their income on energy in the home, and so would be likely to qualify as fuel poor under the most usual definition; but only 16% felt unable to afford sufficient energy to keep their homes warm. Amongst this group who felt they had difficulty in affording sufficient energy, less than half were ‘expenditure’ fuel poor. The paper argues that reintroduction of a self-reported measure by the government would be a valuable aid to policy development.",publication,Undetermined,2012-10-01,
base_search_::5178e3c6c8b5bc337db061df524caa4e,Charakteristiken und Laufeigenschaften von Wälzlagern unter besonderer Berücksichtigung des Herstellprozesses anhand eines Hartdrehversuches ; Characteristics and operating characteristics of rolling bearings under special consideration of the manufacturing process based on a hard turning experiment,"Die vorliegende Diplomarbeit befasst sich mit der Charakterisierung und Laufeigenschaften von Wälzlagern. Die Wälzlagerhersteller geraten durch die angespannte wirtschaftliche Lage und der umkämpften Märkte, zunehmend unter Druck. Die Hauptkriterien der Unternehmen sind eine gleichbleibende hohe Qualität mit marktkonformen Preisen, sowie kürzere Lieferzeiten, um Ihre Positionierung am Weltmarkt zu sichern. Um weitere Marktanteile zu gewinnen und einen Vorsprung auszubauen, wurde eine Wälzlagerfertigung am Standort Steyr realisiert. In dieser Diplomarbeit wird das Tribologische - System Wälzlager und der damit verbundene Herstell- und Fertigungsprozess beschrieben. Das daraus erarbeitete fundierte Wissen ermöglicht eine wirtschaftliche und produktive Fertigung von speziellen Wälzlagergrößen.",publication,German,2013-01-01,
base_search_::546f7a2f632c1ef835e1f0139c75a193,The fuzzy boundary: the spatial definition of urban areas,"Cities seem to have some kind of area structure, usually distinguished in terms of land use types, socio-economic variables, physical appearance or historical and culturalcharacteristics. Is there any possibility that urban areas could in general be differentiated from the spatial perspective? What is the nature of boundaries between areas in terms of space? These questions could be approached by the analysis of internal or contextual spatial structure, or the relation between the two. Most studies on area structure however had focused in the main on the internal area with a secondaryrole for the context. Is there any way in which we could give more explicit attention to the context, following the clue that had come out of the earlier studies?This paper is to try to develop spatial techniques for identifying area boundaries, and looking at their performance in both the traditional areas, such as the Central London and the Inner City of Beijing, and the new development of the London Docklands. It focuses on explicitly exploring the properties of contextual structure in the formation ofarea boundaries rather than simply the properties of internal structure. After much experimentation, a new technique was arrived at for exploring properties of the context. Each axial line or segment in the whole map is taken as the root of a graph, and the numbers of axial lines, or segments, found with increasing radius from the root is calculated, and expressed as a rate of change. This rate of change value is thenassigned to the original axial line and expressed through bands of color. The results show strong areal effects, in that groups of neighbouring lines tend to have similar coloring, and in many cases, these suggest natural areas.Through the case studies, this paper suggests that historic areas typically have what we will call fuzzy boundaries. Fuzzy boundaries arise from the way space is structured internally and how this relates to the external structure of space. Such boundaries can be effective in supporting ...",publication,Undetermined,2007-01-01,Istanbul Technical University
base_search_::569ad87b21591e812c5771b5d3cbbb28,Host-guest paracetamol/cyclodextrin complex formation evaluated from coupled diffusion measurements,"Ternary mutual diffusion coefficients (D11, D22, D12 and D21) measured by the Taylor dispersion method are reported for aqueous solutions of paracetamol (1) in the presence of β-cyclodextrin (β-CD) (2) at 298.15 K and solute concentrations up to 0.050 (mol dm−3). The diffusion of paracetamol and β-CD is coupled, as indicated by non-zero values of the cross-diffusion coefficients, D12 and D21 measuring interactions between the fluxes of the drug and the carbohydrate. The measured ternary diffusion coefficients are in close agreement with the diffusion coefficients predicted by a model assuming a 1:1 (paracetamol):(β-CD) complex. The association constant K = 27 (mol−1 dm3) for the formation of the complex was estimated from the diffusion data. © 2021 Elsevier Ltd ; Fundacao para a Ciencia e a Tecnologia (FCT)Portuguese Foundation for Science and TechnologyEuropean Commission; Portuguese Agency for Scientific Research [UIDB/QUI/UI0313/2020]; COMPETE Programme (Operational Programme for Competitiveness); NSERCNatural Sciences and Engineering Research Council of Canada (NSERC); Ministry of Education, Youth and Sports of the Czech Republic DKRVO [RP/CPS/2020/003] ; RP/CPS/2020/003; UIDB/QUI/UI0313/2020; Natural Sciences and Engineering Research Council of Canada, NSERC; Fundação para a Ciência e a Tecnologia, FCT",publication,English,2021-01-01,Academic Press
base_search_::56c56666fe38a67ccda4d54fab780198,Collagen-laponite nanoclay hydrogels for tumor spheroid growth,"The extracellular matrix (ECM) plays an important regulatory role in the development and progression of tumoral tissue. Its functions and properties are crucial in determining tumor cell behavior such as invasion, migration, and malignancy development. Our study explores the role of collagen type I in cancer development and spread using engineered tumor models like multicellular spheroids grown in collagen-based hydrogels to simulate early tumor formation. We employ microfluidic techniques to test the hypothesis that (i) adding Laponite nanoclay to collagen hydrogels modifies mechanical and rheological properties and (ii) changing the stiffness of the collagen microenvironment affects tumor spheroid growth. Our findings support our theories and suggest the use of ECM components and engineered tumor models in cancer research, offering a biocompatible and biomimetic method to tailor the mechanical properties of conventional collagen hydrogels.",publication,English,2023-01-01,
base_search_::56de1b0ee78f90e7f79b0379b21a5633,"Relationships between initial motor assessment scale scores and length of stay, mobility at discharge and discharge destination after stroke","Purpose: This retrospective audit explored the relationships between Motor Assessment Scale (MAS) scores on admission and patient outcomes including length of stay (LOS), mobility at discharge and discharge destination from an Australian stroke unit. Methods: The dataset included 239 individuals admitted to a stroke rehabilitation unit between June 2001 and January 2007, Associations between variables (admission and discharge scores for total MAS and MAS mobility items 1-5, LOS, discharge destination and mobility at discharge) were examined. Regression analyses were used to assess the ability of the MAS to predict discharge destination and mobility status at discharge and the influence of other factors such as age, type and side of stroke and gender. Results: Poor mobility on admission was significantly associated with longer LOS (r =-,716, p Conclusions: This study provides further evidence for the utility of MAS admission scores to predict some outcomes in an older cohort of stroke survivors.",publication,Undetermined,2010-01-01,ResearchOnline@ND
base_search_::57309a4acd31860f6f174f296242bcea,GAMBARAN PENGETAHUAN TENTANG ANEMIA DAN POLA MAKAN PADA REMAJA PUTRI DI SMAN 1 MINGGIR SLEMAN TAHUN 2023,"Latar Belakang: Remaja putri memiliki risiko lebih tinggi terkena anemia, dikarenakan kurangnya pengetahuan tentang anemia yang akan mempengaruhi kebiasaan yang kurang baik dalam pola makannya. Tujuan: Untuk mengetahui gambaran pengetahuan tentang anemia dan pola makan pada remaja putri di SMAN 1 Minggir Sleman Tahun 2023. Metode: Metode penelitian ini adalah deskriptif dengan menggunakan desain cross sectional dengan jumlah sampel 56 orang remaja putri di SMAN 1 Minggir. Hasil: Sebagian besar remaja putri di SMAN 1 Minggir memiliki tingkat pengetahuan yang cukup 45,6%. Sebagian besar remaja putri memiliki asupan energi (normal 32,1%), asupan protein (defisit tingkat ringan 35,7%) asupan zat besi (defisit tingkat ringan 30,3%). Sebagian besar remaja putri memiliki tingkat pengetahuan yang baik dengan asupan energi kategori defisit tingkat ringan 54,1%. Sebagian besar remaja putri memiliiki tingkat pengetahuan yang baik dengan asupan protein kategori defisit tingkat ringan 58,3%. Sebagian besar remaja putri memiliki tingkat pengetahuan yang baik dengan asupan zat besi kategori defisit tingkat ringan 58,3%. Kesimpulan: Sebagian besar remaja putri memiliki tingkat pengetahuan yang baik dengan asupan energi kategori defisit tingkat ringan. Sebagian besar remaja putri memiliiki tingkat pengetahuan yang baik dengan asupan protein kategori defisit tingkat ringan. Sebagian besar remaja putri memiliki tingkat pengetahuan yang baik dengan asupan zat besi kategori defisit tingkat ringan. Kata Kunci: Pengetahuan Anemia, Pola Makan.",publication,English,2023-06-05,
base_search_::57ec6337c21edc10610d07c7c1c26fb8,Дослідження умов формування потоку пульпи у пісковому жолобі односпірального класифікатора ; The study of the conditions of formation of pulp flow in the sand chute of a single-spiral classifier,"Представлені результати дослідження формування і руху потоку пульпи у пісковому жолобі механічного односпірального класифікатора. При співударянні пісків і води у пісковому жолобі створюється суміш з рівномірно розташованим твердим, яка не змінюється і в процесі руху пульпи. Змінна об'ємна продуктивність пісків класифікатора робить рух пульпи нерівномірним. За отриманими залежностями в певні моменти часу можливо визначати середню швидкість руху і висоту пульпи у пісковому жолобі, які однозначно характеризують умови формування потоку, дають можливість відтворення механізму взаємодії між масивами матеріалу та обґрунтування шляхів підвищення точності вимірювання технологічного параметра. ; The results of studying the formation and dynamics of pulp flow in the sand chute of a mechanical single-spiral classifier are presented. Upon the impact of sand and water a mixture of evenly spaced firm is formed in the sand chute that does not change during the motion of the pulp. The variable volumetric efficiency of the classifier sands makes the pulp movement uneven. The variable in time sand flow in the hydraulic system is automatically compensated by varying its height in the sand chute. Only under this condition the material balance and the continuous transporting of the material persist. There exist mathematical dependences between the variable sand costs, average speed and pulp height. Using the dependences obtained at some point in time it is possible to determine the average speed and the height of pulp in the sand chute, which characterize uniquely the conditions of formation of the flow, allow restoring the mechanism of interaction between the batches of the material and studying the ways to improve the accuracy of measurement of the process variable.",publication,Ukrainian,2016-01-01,"НТУ ""ХПІ"""
base_search_::59605e521f3de737aa51a99d72591b03,Місце концесійного договору у системі договорів,"У статті на основі національного та міжнародного законодавства, теоретичних обґрунтувань розглядається правова природа концесійного договору, визначаються його характерні ознаки та аналізується місце концесійного договору в системі договорів.",publication,Ukrainian,2009-01-01,ДВНЗ «Київський національний університет імені Вадима Гетьмана»
